{
  "mode": "fusion",
  "macro": {
    "precision": 0.6486248873596389,
    "recall": 0.7743604072214151,
    "f1": 0.685998769608085
  },
  "micro": {
    "precision": 0.73,
    "recall": 0.73,
    "f1": 0.7299999999999999
  },
  "per_class": {
    "Bills & Utilities": {
      "precision": 0.7083333333333334,
      "recall": 0.6666666666666666,
      "f1": 0.6868686868686869,
      "support": 51
    },
    "Entertainment": {
      "precision": 0.5172413793103449,
      "recall": 0.9375,
      "f1": 0.6666666666666667,
      "support": 16
    },
    "Food & Dining": {
      "precision": 0.9626436781609196,
      "recall": 0.7528089887640449,
      "f1": 0.8448928121059268,
      "support": 445
    },
    "Healthcare": {
      "precision": 0.625,
      "recall": 0.8333333333333334,
      "f1": 0.7142857142857143,
      "support": 48
    },
    "Income": {
      "precision": 0.8723404255319149,
      "recall": 0.8367346938775511,
      "f1": 0.8541666666666667,
      "support": 49
    },
    "Shopping": {
      "precision": 0.511520737327189,
      "recall": 0.6098901098901099,
      "f1": 0.556390977443609,
      "support": 182
    },
    "Transportation": {
      "precision": 0.8947368421052632,
      "recall": 0.815068493150685,
      "f1": 0.8530465949820788,
      "support": 146
    },
    "Travel": {
      "precision": 0.45454545454545453,
      "recall": 1.0,
      "f1": 0.625,
      "support": 5
    },
    "Uncategorized": {
      "precision": 0.2912621359223301,
      "recall": 0.5172413793103449,
      "f1": 0.37267080745341613,
      "support": 58
    }
  },
  "support_total": 1000
}