{
  "mode": "fusion",
  "macro": {
    "precision": 0.9735723283719847,
    "recall": 0.8720409122667165,
    "f1": 0.9086019886313156
  },
  "micro": {
    "precision": 0.9498607242339833,
    "recall": 0.9498607242339833,
    "f1": 0.9498607242339833
  },
  "per_class": {
    "Bills & Utilities": {
      "precision": 0.8681318681318682,
      "recall": 0.9875,
      "f1": 0.9239766081871346,
      "support": 80
    },
    "Entertainment": {
      "precision": 1.0,
      "recall": 0.8181818181818182,
      "f1": 0.9,
      "support": 11
    },
    "Food & Dining": {
      "precision": 0.9576271186440678,
      "recall": 0.9826086956521739,
      "f1": 0.9699570815450643,
      "support": 115
    },
    "Healthcare": {
      "precision": 1.0,
      "recall": 0.9666666666666667,
      "f1": 0.983050847457627,
      "support": 30
    },
    "Shopping": {
      "precision": 1.0,
      "recall": 0.5,
      "f1": 0.6666666666666666,
      "support": 2
    },
    "Transportation": {
      "precision": 0.989247311827957,
      "recall": 0.9019607843137255,
      "f1": 0.9435897435897437,
      "support": 102
    },
    "Travel": {
      "precision": 1.0,
      "recall": 0.9473684210526315,
      "f1": 0.972972972972973,
      "support": 19
    }
  },
  "support_total": 359
}