{
  "mode": "fusion",
  "macro": {
    "precision": 0.9855371900826446,
    "recall": 0.9886363636363636,
    "f1": 0.9863721804511278
  },
  "micro": {
    "precision": 0.986,
    "recall": 0.986,
    "f1": 0.986
  },
  "per_class": {
    "Bills & Utilities": {
      "precision": 1.0,
      "recall": 1.0,
      "f1": 1.0,
      "support": 127
    },
    "Entertainment": {
      "precision": 1.0,
      "recall": 1.0,
      "f1": 1.0,
      "support": 131
    },
    "Food & Dining": {
      "precision": 1.0,
      "recall": 0.9090909090909091,
      "f1": 0.9523809523809523,
      "support": 154
    },
    "Healthcare": {
      "precision": 1.0,
      "recall": 1.0,
      "f1": 1.0,
      "support": 124
    },
    "Income": {
      "precision": 1.0,
      "recall": 1.0,
      "f1": 1.0,
      "support": 122
    },
    "Shopping": {
      "precision": 0.8842975206611571,
      "recall": 1.0,
      "f1": 0.9385964912280702,
      "support": 107
    },
    "Transportation": {
      "precision": 1.0,
      "recall": 1.0,
      "f1": 1.0,
      "support": 124
    },
    "Travel": {
      "precision": 1.0,
      "recall": 1.0,
      "f1": 1.0,
      "support": 111
    }
  },
  "support_total": 1000
}