{
  "Bills & Utilities": {
    "precision": 0.7777777777777778,
    "recall": 1.0,
    "f1": 0.8750000000000001,
    "support": 7
  },
  "Entertainment": {
    "precision": 1.0,
    "recall": 0.6666666666666666,
    "f1": 0.8,
    "support": 3
  },
  "Food & Dining": {
    "precision": 1.0,
    "recall": 1.0,
    "f1": 1.0,
    "support": 14
  },
  "Healthcare": {
    "precision": 1.0,
    "recall": 1.0,
    "f1": 1.0,
    "support": 5
  },
  "Transportation": {
    "precision": 1.0,
    "recall": 0.95,
    "f1": 0.9743589743589743,
    "support": 20
  },
  "Travel": {
    "precision": 1.0,
    "recall": 1.0,
    "f1": 1.0,
    "support": 1
  },
  "macro_avg": {
    "precision": 0.9629629629629629,
    "recall": 0.936111111111111,
    "f1": 0.941559829059829
  },
  "micro_avg": {
    "precision": 0.96,
    "recall": 0.96,
    "f1": 0.96
  }
}